fecha,dia_del_anyo,temp_max,temp_min,temp_media,precipitacion,lluvia
2024-01-01,1,9.4,3.8,6.6,0.0,0
2024-01-02,2,8.2,2.8,5.5,2.0,1
2024-01-03,3,12.1,8.1,10.1,2.7,1
2024-01-04,4,10.6,8.2,9.4,9.7,1
2024-01-05,5,8.6,4.6,6.6,0.1,1
2024-01-06,6,9.6,3.6,6.6,0.0,0
2024-01-07,7,9.3,1.8,5.6,0.0,0
2024-01-08,8,6.2,-0.8,2.7,0.0,0
2024-01-09,9,7.2,4.1,5.6,0.0,0
2024-01-10,10,8.0,4.7,6.4,0.2,1
2024-01-11,11,7.6,2.3,4.9,0.0,0
2024-01-12,12,6.9,-0.4,3.2,0.0,0
2024-01-13,13,9.0,2.2,5.6,0.0,0
2024-01-14,14,8.6,5.8,7.2,4.3,1
2024-01-15,15,13.3,8.4,10.9,2.6,1
2024-01-16,16,13.7,11.1,12.4,7.5,1
2024-01-17,17,12.3,10.0,11.2,1.1,1
2024-01-18,18,14.3,10.0,12.2,12.4,1
2024-01-19,19,10.8,3.6,7.2,16.3,1
2024-01-20,20,9.9,2.7,6.3,0.0,0
2024-01-21,21,11.0,4.0,7.5,0.0,0
2024-01-22,22,10.6,3.1,6.8,0.0,0
2024-01-23,23,14.9,4.4,9.6,0.0,0
2024-01-24,24,17.5,5.9,11.7,0.0,0
2024-01-25,25,17.3,5.9,11.6,0.0,0
2024-01-26,26,18.8,5.9,12.4,0.0,0
2024-01-27,27,18.0,9.6,13.8,0.0,0
2024-01-28,28,16.3,8.0,12.2,0.0,0
2024-01-29,29,14.9,7.7,11.3,0.0,0
2024-01-30,30,13.0,5.9,9.4,0.0,0
2024-01-31,31,10.5,4.7,7.6,0.0,0
2024-02-01,32,16.8,4.6,10.7,0.0,0
2024-02-02,33,14.8,5.2,10.0,0.0,0
2024-02-03,34,15.2,5.9,10.6,0.0,0
2024-02-04,35,16.6,4.6,10.6,0.0,0
2024-02-05,36,14.9,4.6,9.8,0.0,0
2024-02-06,37,13.7,5.9,9.8,0.0,0
2024-02-07,38,12.4,4.0,8.2,0.0,0
2024-02-08,39,12.6,8.5,10.6,6.2,1
2024-02-09,40,11.7,7.9,9.8,5.9,1
2024-02-10,41,11.3,5.3,8.3,0.4,1
2024-02-11,42,8.3,4.3,6.3,0.1,1
2024-02-12,43,15.7,6.0,10.8,0.0,0
2024-02-13,44,16.0,10.1,13.0,0.0,0
2024-02-14,45,17.3,11.1,14.2,0.0,0
2024-02-15,46,14.0,10.4,12.2,4.3,1
2024-02-16,47,15.1,8.3,11.7,0.0,0
2024-02-17,48,16.8,4.8,10.8,0.0,0
2024-02-18,49,17.4,5.5,11.4,0.0,0
2024-02-19,50,18.5,7.5,13.0,0.0,0
2024-02-20,51,18.8,5.7,12.2,0.0,0
2024-02-21,52,15.3,6.1,10.7,0.0,0
2024-02-22,53,12.6,7.7,10.2,4.5,1
2024-02-23,54,9.6,4.1,6.8,0.2,1
2024-02-24,55,10.3,3.4,6.8,0.0,0
2024-02-25,56,13.7,6.1,9.9,0.3,1
2024-02-26,57,11.5,6.1,8.8,0.0,0
2024-02-27,58,11.7,4.0,7.8,0.0,0
2024-02-28,59,14.1,2.2,8.2,0.0,0
2024-02-29,60,14.0,2.6,8.3,0.0,0
2024-03-01,61,13.2,3.2,8.2,0.0,0
2024-03-02,62,8.7,2.3,5.5,11.7,1
2024-03-03,63,10.1,2.5,6.3,0.0,0
2024-03-04,64,13.1,6.1,9.6,0.0,0
2024-03-05,65,13.7,5.3,9.5,0.0,0
2024-03-06,66,13.7,0.0,6.8,0.0,0
2024-03-07,67,13.3,3.3,8.3,7.0,1
2024-03-08,68,10.8,4.4,7.6,9.0,1
2024-03-09,69,8.8,4.4,6.6,2.3,1
2024-03-10,70,12.7,4.6,8.6,0.4,1
2024-03-11,71,13.9,6.1,10.0,0.0,0
2024-03-12,72,16.5,4.6,10.6,0.0,0
2024-03-13,73,18.6,6.1,12.4,0.0,0
2024-03-14,74,16.9,6.9,11.9,0.0,0
2024-03-15,75,17.9,6.3,12.1,0.0,0
2024-03-16,76,19.2,8.9,14.0,0.0,0
2024-03-17,77,21.0,10.9,16.0,0.0,0
2024-03-18,78,21.2,10.6,15.9,0.0,0
2024-03-19,79,23.5,12.5,18.0,0.0,0
2024-03-20,80,23.5,13.0,18.2,0.2,1
2024-03-21,81,24.4,13.4,18.9,0.4,1
2024-03-22,82,25.5,13.7,19.6,0.0,0
2024-03-23,83,24.4,12.9,18.6,0.0,0
2024-03-24,84,22.2,12.5,17.4,1.8,1
2024-03-25,85,14.9,9.0,12.0,0.5,1
2024-03-26,86,10.6,3.7,7.2,1.5,1
2024-03-27,87,13.8,4.2,9.0,1.1,1
2024-03-28,88,16.8,6.8,11.8,12.2,1
2024-03-29,89,10.9,4.9,7.9,6.3,1
2024-03-30,90,12.2,5.0,8.6,12.9,1
2024-03-31,91,11.3,5.0,8.2,2.6,1
2024-04-01,92,13.7,4.4,9.0,0.6,1
2024-04-02,93,13.8,5.2,9.5,0.0,0
2024-04-03,94,18.0,9.3,13.6,0.0,0
2024-04-04,95,20.7,8.0,14.4,0.0,0
2024-04-05,96,22.7,10.8,16.8,0.0,0
2024-04-06,97,23.6,13.4,18.5,0.0,0
2024-04-07,98,21.9,14.3,18.1,0.0,0
2024-04-08,99,17.6,7.8,12.7,1.2,1
2024-04-09,100,16.4,5.1,10.8,0.0,0
2024-04-10,101,20.7,6.9,13.8,0.0,0
2024-04-11,102,26.5,9.9,18.2,0.0,0
2024-04-12,103,24.8,11.1,18.0,0.0,0
2024-04-13,104,27.1,12.8,20.0,0.0,0
2024-04-14,105,27.0,13.7,20.4,0.0,0
2024-04-15,106,29.2,13.7,21.4,0.0,0
2024-04-16,107,26.2,12.4,19.3,0.0,0
2024-04-17,108,22.0,8.7,15.4,0.0,0
2024-04-18,109,22.5,8.8,15.6,0.0,0
2024-04-19,110,21.5,7.3,14.4,0.0,0
2024-04-20,111,24.6,10.9,17.8,0.0,0
2024-04-21,112,23.4,10.1,16.8,0.0,0
2024-04-22,113,19.1,7.1,13.1,0.0,0
2024-04-23,114,18.3,3.8,11.0,0.0,0
2024-04-24,115,19.0,4.8,11.9,0.0,0
2024-04-25,116,18.4,8.8,13.6,0.0,0
2024-04-26,117,16.4,9.4,12.9,4.4,1
2024-04-27,118,14.9,7.5,11.2,3.7,1
2024-04-28,119,16.8,5.5,11.2,0.0,0
2024-04-29,120,18.4,6.3,12.4,2.0,1
2024-04-30,121,18.2,5.3,11.8,0.0,0
2024-05-01,122,15.0,6.1,10.6,0.1,1
2024-05-02,123,15.8,5.7,10.8,0.0,0
2024-05-03,124,19.3,5.8,12.6,0.0,0
2024-05-04,125,23.5,9.4,16.4,0.0,0
2024-05-05,126,18.9,12.5,15.7,5.4,1
2024-05-06,127,19.3,11.2,15.2,0.0,0
2024-05-07,128,22.4,9.4,15.9,0.0,0
2024-05-08,129,24.7,10.0,17.4,0.0,0
2024-05-09,130,26.6,13.0,19.8,0.0,0
2024-05-10,131,29.2,14.8,22.0,0.0,0
2024-05-11,132,29.3,15.3,22.3,0.0,0
2024-05-12,133,28.0,15.8,21.9,0.0,0
2024-05-13,134,27.9,15.0,21.4,0.7,1
2024-05-14,135,18.9,10.9,14.9,0.0,0
2024-05-15,136,18.6,10.0,14.3,0.0,0
2024-05-16,137,18.1,9.2,13.6,0.0,0
2024-05-17,138,19.4,11.3,15.4,0.0,0
2024-05-18,139,22.5,10.1,16.3,0.0,0
2024-05-19,140,22.7,11.5,17.1,0.0,0
2024-05-20,141,20.7,10.0,15.4,0.0,0
2024-05-21,142,20.0,11.4,15.7,0.9,1
2024-05-22,143,21.9,11.4,16.6,0.0,0
2024-05-23,144,25.4,11.6,18.5,0.0,0
2024-05-24,145,27.6,12.5,20.0,0.0,0
2024-05-25,146,29.2,13.8,21.5,0.0,0
2024-05-26,147,29.6,13.8,21.7,0.0,0
2024-05-27,148,30.3,16.2,23.2,0.0,0
2024-05-28,149,30.4,16.5,23.4,0.0,0
2024-05-29,150,33.5,19.1,26.3,0.0,0
2024-05-30,151,34.4,19.9,27.2,0.0,0
2024-05-31,152,30.5,15.1,22.8,0.0,0
2024-06-01,153,27.5,12.2,19.8,0.0,0
2024-06-02,154,28.2,12.3,20.2,0.0,0
2024-06-03,155,29.5,15.7,22.6,0.0,0
2024-06-04,156,31.6,17.2,24.4,0.0,0
2024-06-05,157,33.6,19.4,26.5,0.0,0
2024-06-06,158,35.3,19.9,27.6,4.6,1
2024-06-07,159,33.1,20.5,26.8,0.0,0
2024-06-08,160,23.7,16.6,20.2,4.5,1
2024-06-09,161,24.4,15.7,20.0,3.5,1
2024-06-10,162,19.4,13.5,16.4,9.0,1
2024-06-11,163,25.6,12.1,18.8,0.0,0
2024-06-12,164,25.3,13.2,19.2,0.8,1
2024-06-13,165,28.5,12.6,20.6,0.0,0
2024-06-14,166,30.7,15.3,23.0,0.0,0
2024-06-15,167,29.5,16.4,23.0,0.0,0
2024-06-16,168,30.5,15.5,23.0,0.0,0
2024-06-17,169,30.7,15.8,23.2,0.0,0
2024-06-18,170,26.2,15.0,20.6,0.6,1
2024-06-19,171,24.5,14.0,19.2,1.7,1
2024-06-20,172,21.7,13.1,17.4,7.2,1
2024-06-21,173,27.8,13.0,20.4,0.0,0
2024-06-22,174,31.2,16.3,23.8,0.0,0
2024-06-23,175,30.8,17.4,24.1,0.0,0
2024-06-24,176,31.6,18.3,25.0,0.0,0
2024-06-25,177,34.4,20.3,27.4,0.0,0
2024-06-26,178,30.4,21.9,26.2,0.3,1
2024-06-27,179,33.1,20.7,26.9,0.0,0
2024-06-28,180,27.9,17.2,22.5,0.5,1
2024-06-29,181,24.5,16.3,20.4,0.0,0
2024-06-30,182,26.0,17.7,21.8,0.0,0
2024-07-01,183,30.0,18.2,24.1,0.0,0
2024-07-02,184,31.6,16.0,23.8,0.0,0
2024-07-03,185,33.8,17.2,25.5,0.0,0
2024-07-04,186,36.9,21.2,29.0,0.0,0
2024-07-05,187,37.3,22.3,29.8,0.0,0
2024-07-06,188,33.5,20.3,26.9,0.0,0
2024-07-07,189,31.8,17.6,24.7,0.0,0
2024-07-08,190,33.0,18.0,25.5,0.0,0
2024-07-09,191,32.7,19.7,26.2,0.0,0
2024-07-10,192,33.9,19.9,26.9,0.0,0
2024-07-11,193,36.7,21.0,28.8,0.0,0
2024-07-12,194,33.2,19.6,26.4,0.0,0
2024-07-13,195,34.1,19.1,26.6,0.0,0
2024-07-14,196,33.3,19.2,26.2,0.0,0
2024-07-15,197,31.0,20.8,25.9,0.0,0
2024-07-16,198,32.4,18.2,25.3,0.0,0
2024-07-17,199,36.6,20.2,28.4,0.0,0
2024-07-18,200,35.7,21.7,28.7,0.0,0
2024-07-19,201,38.0,21.4,29.7,0.0,0
2024-07-20,202,36.9,21.0,29.0,0.0,0
2024-07-21,203,32.5,19.7,26.1,0.0,0
2024-07-22,204,34.9,18.5,26.7,0.0,0
2024-07-23,205,38.3,22.1,30.2,0.0,0
2024-07-24,206,39.9,25.5,32.7,0.0,0
2024-07-25,207,39.7,25.6,32.7,0.0,0
2024-07-26,208,37.0,25.0,31.0,0.0,0
2024-07-27,209,37.8,24.7,31.2,0.0,0
2024-07-28,210,38.7,25.3,32.0,0.0,0
2024-07-29,211,35.0,25.5,30.2,0.0,0
2024-07-30,212,38.8,25.3,32.0,0.0,0
2024-07-31,213,37.3,23.2,30.2,0.0,0
2024-08-01,214,38.4,22.4,30.4,0.0,0
2024-08-02,215,33.0,21.9,27.4,14.7,1
2024-08-03,216,35.6,21.3,28.4,0.0,0
2024-08-04,217,36.9,23.6,30.2,0.0,0
2024-08-05,218,38.2,24.5,31.4,0.0,0
2024-08-06,219,38.0,22.8,30.4,0.0,0
2024-08-07,220,37.5,24.2,30.8,0.0,0
2024-08-08,221,37.9,24.5,31.2,0.0,0
2024-08-09,222,39.1,25.3,32.2,0.0,0
2024-08-10,223,38.7,25.7,32.2,0.0,0
2024-08-11,224,37.9,25.2,31.6,0.0,0
2024-08-12,225,37.3,24.3,30.8,0.0,0
2024-08-13,226,31.6,22.9,27.2,0.0,0
2024-08-14,227,30.5,20.0,25.2,0.0,0
2024-08-15,228,30.5,15.8,23.2,0.0,0
2024-08-16,229,33.4,19.4,26.4,0.0,0
2024-08-17,230,34.6,21.2,27.9,0.0,0
2024-08-18,231,34.3,22.6,28.4,0.0,0
2024-08-19,232,34.7,20.1,27.4,0.0,0
2024-08-20,233,36.4,20.8,28.6,0.0,0
2024-08-21,234,36.4,21.1,28.8,0.0,0
2024-08-22,235,36.7,23.6,30.2,0.0,0
2024-08-23,236,37.0,21.0,29.0,0.0,0
2024-08-24,237,35.0,23.3,29.2,0.0,0
2024-08-25,238,34.5,19.6,27.0,0.0,0
2024-08-26,239,33.1,22.3,27.7,0.0,0
2024-08-27,240,35.5,22.4,29.0,0.0,0
2024-08-28,241,36.7,21.9,29.3,3.2,1
2024-08-29,242,28.1,19.4,23.8,1.0,1
2024-08-30,243,31.1,20.2,25.6,1.2,1
2024-08-31,244,27.6,18.7,23.2,1.8,1
2024-09-01,245,30.7,20.4,25.5,0.0,0
2024-09-02,246,32.1,20.8,26.4,0.0,0
2024-09-03,247,30.9,20.1,25.5,0.0,0
2024-09-04,248,27.5,18.3,22.9,0.0,0
2024-09-05,249,26.4,15.1,20.8,0.0,0
2024-09-06,250,26.4,16.4,21.4,0.0,0
2024-09-07,251,26.5,13.0,19.8,0.0,0
2024-09-08,252,27.8,14.9,21.4,0.0,0
2024-09-09,253,29.4,16.1,22.8,0.0,0
2024-09-10,254,30.8,16.8,23.8,0.0,0
2024-09-11,255,29.4,17.6,23.5,0.0,0
2024-09-12,256,27.6,17.5,22.6,0.0,0
2024-09-13,257,23.3,12.8,18.0,0.0,0
2024-09-14,258,26.4,13.0,19.7,0.0,0
2024-09-15,259,30.1,15.9,23.0,0.0,0
2024-09-16,260,29.3,15.8,22.6,0.0,0
2024-09-17,261,26.5,14.8,20.6,0.0,0
2024-09-18,262,27.7,15.9,21.8,0.0,0
2024-09-19,263,22.8,14.8,18.8,6.7,1
2024-09-20,264,21.4,13.9,17.6,0.4,1
2024-09-21,265,23.2,16.8,20.0,0.0,0
2024-09-22,266,25.4,13.8,19.6,0.0,0
2024-09-23,267,24.1,13.5,18.8,0.0,0
2024-09-24,268,21.3,13.4,17.4,0.0,0
2024-09-25,269,22.6,16.2,19.4,0.0,0
2024-09-26,270,21.9,16.5,19.2,0.0,0
2024-09-27,271,21.1,12.4,16.8,0.0,0
2024-09-28,272,20.7,10.1,15.4,0.0,0
2024-09-29,273,23.5,11.1,17.3,0.0,0
2024-09-30,274,27.0,13.3,20.2,0.0,0
2024-10-01,275,26.9,13.5,20.2,0.0,0
2024-10-02,276,25.8,16.8,21.3,1.1,1
2024-10-03,277,24.8,14.3,19.6,0.0,0
2024-10-04,278,25.1,10.9,18.0,0.0,0
2024-10-05,279,25.4,12.8,19.1,0.0,0
2024-10-06,280,22.6,17.6,20.1,0.0,0
2024-10-07,281,22.5,13.8,18.2,6.5,1
2024-10-08,282,17.4,12.7,15.0,0.4,1
2024-10-09,283,19.5,13.8,16.6,4.7,1
2024-10-10,284,18.5,11.6,15.0,0.0,0
2024-10-11,285,19.2,10.0,14.6,6.7,1
2024-10-12,286,16.7,13.8,15.2,21.4,1
2024-10-13,287,21.2,13.6,17.4,0.0,0
2024-10-14,288,22.1,15.8,19.0,0.0,0
2024-10-15,289,19.6,15.7,17.6,11.3,1
2024-10-16,290,21.8,14.0,17.9,14.5,1
2024-10-17,291,17.3,11.5,14.4,1.4,1
2024-10-18,292,17.6,8.0,12.8,0.0,0
2024-10-19,293,20.9,12.1,16.5,0.0,0
2024-10-20,294,20.8,12.0,16.4,0.0,0
2024-10-21,295,22.1,12.1,17.1,0.0,0
2024-10-22,296,21.2,13.8,17.5,0.0,0
2024-10-23,297,19.5,13.8,16.6,0.0,0
2024-10-24,298,19.1,13.9,16.5,0.0,0
2024-10-25,299,17.0,10.7,13.8,0.2,1
2024-10-26,300,13.1,7.4,10.2,0.0,0
2024-10-27,301,13.5,6.1,9.8,3.4,1
2024-10-28,302,18.4,9.1,13.8,0.1,1
2024-10-29,303,15.7,9.9,12.8,29.7,1
2024-10-30,304,19.2,9.9,14.6,0.0,0
2024-10-31,305,19.5,11.9,15.7,6.7,1
2024-11-01,306,18.3,13.3,15.8,0.0,0
2024-11-02,307,16.9,13.0,15.0,0.0,0
2024-11-03,308,18.7,11.8,15.2,0.0,0
2024-11-04,309,17.2,12.6,14.9,0.2,1
2024-11-05,310,18.8,11.5,15.2,0.0,0
2024-11-06,311,19.5,11.2,15.4,0.0,0
2024-11-07,312,18.9,11.2,15.0,0.0,0
2024-11-08,313,15.7,11.1,13.4,0.0,0
2024-11-09,314,16.6,9.6,13.1,0.0,0
2024-11-10,315,16.3,8.8,12.6,0.0,0
2024-11-11,316,17.0,9.6,13.3,0.0,0
2024-11-12,317,14.0,6.1,10.0,0.0,0
2024-11-13,318,10.4,5.0,7.7,3.9,1
2024-11-14,319,16.5,10.1,13.3,0.1,1
2024-11-15,320,15.9,12.0,14.0,0.0,0
2024-11-16,321,14.0,10.2,12.1,0.0,0
2024-11-17,322,17.1,8.6,12.8,0.2,1
2024-11-18,323,18.4,10.0,14.2,0.0,0
2024-11-19,324,15.7,8.2,12.0,0.0,0
2024-11-20,325,16.5,8.6,12.6,0.0,0
2024-11-21,326,13.2,8.5,10.8,0.0,0
2024-11-22,327,15.3,9.6,12.4,0.4,1
2024-11-23,328,14.3,8.0,11.2,0.0,0
2024-11-24,329,15.3,9.1,12.2,0.0,0
2024-11-25,330,16.5,7.3,11.9,5.2,1
2024-11-26,331,11.1,4.9,8.0,0.0,0
2024-11-27,332,13.0,4.2,8.6,0.0,0
2024-11-28,333,13.7,4.5,9.1,0.0,0
2024-11-29,334,15.1,6.1,10.6,0.0,0
2024-11-30,335,15.8,6.2,11.0,0.0,0
2024-12-01,336,15.9,8.3,12.1,0.0,0
2024-12-02,337,15.1,9.5,12.3,0.0,0
2024-12-03,338,15.1,6.2,10.6,0.5,1
2024-12-04,339,14.3,6.4,10.4,0.0,0
2024-12-05,340,13.5,5.5,9.5,0.0,0
2024-12-06,341,15.1,6.1,10.6,0.0,0
2024-12-07,342,16.6,5.7,11.2,0.0,0
2024-12-08,343,10.5,2.5,6.5,0.0,0
2024-12-09,344,9.5,2.3,5.9,0.0,0
2024-12-10,345,9.8,1.3,5.6,0.0,0
2024-12-11,346,8.0,4.8,6.4,0.0,0
2024-12-12,347,9.3,2.9,6.1,0.1,1
2024-12-13,348,8.7,3.9,6.3,0.4,1
2024-12-14,349,7.1,1.6,4.4,0.0,0
2024-12-15,350,10.3,0.1,5.2,0.0,0
2024-12-16,351,10.4,2.5,6.4,0.0,0
2024-12-17,352,9.6,1.4,5.5,0.0,0
2024-12-18,353,11.2,3.1,7.2,0.0,0
2024-12-19,354,14.1,6.1,10.1,0.4,1
2024-12-20,355,10.4,1.6,6.0,0.0,0
2024-12-21,356,10.5,0.1,5.3,0.0,0
2024-12-22,357,12.8,1.1,7.0,0.0,0
2024-12-23,358,11.1,3.5,7.3,0.0,0
2024-12-24,359,13.5,2.7,8.1,0.0,0
2024-12-25,360,15.1,6.1,10.6,0.0,0
2024-12-26,361,13.1,4.3,8.7,0.0,0
2024-12-27,362,11.3,5.4,8.4,0.0,0
2024-12-28,363,10.5,3.3,6.9,0.0,0
2024-12-29,364,10.9,1.2,6.0,0.0,0
2024-12-30,365,10.2,2.1,6.1,0.0,0
2024-12-31,366,10.6,0.9,5.8,0.0,0
2025-01-01,1,10.2,1.5,5.8,0.0,0
2025-01-02,2,10.2,1.3,5.8,0.0,0
2025-01-03,3,9.0,1.0,5.0,0.0,0
2025-01-04,4,7.3,3.2,5.2,0.0,0
2025-01-05,5,10.4,5.2,7.8,1.7,1
2025-01-06,6,11.1,5.8,8.4,0.0,0
2025-01-07,7,8.6,3.1,5.8,0.0,0
2025-01-08,8,11.5,7.5,9.5,1.6,1
2025-01-09,9,13.5,8.6,11.0,0.0,0
2025-01-10,10,13.5,6.9,10.2,0.0,0
2025-01-11,11,18.9,9.9,14.4,0.0,0
2025-01-12,12,14.0,5.0,9.5,0.0,0
2025-01-13,13,11.4,-0.4,5.5,0.0,0
2025-01-14,14,10.6,0.8,5.7,0.0,0
2025-01-15,15,10.2,-1.5,4.4,0.0,0
2025-01-16,16,12.4,-0.3,6.0,0.0,0
2025-01-17,17,10.6,3.0,6.8,0.0,0
2025-01-18,18,9.7,0.4,5.0,0.0,0
2025-01-19,19,9.6,-0.1,4.8,0.4,1
2025-01-20,20,6.5,4.3,5.4,8.9,1
2025-01-21,21,11.0,6.0,8.5,8.9,1
2025-01-22,22,12.2,8.9,10.6,6.4,1
2025-01-23,23,14.0,8.8,11.4,0.6,1
2025-01-24,24,13.3,10.0,11.6,0.1,1
2025-01-25,25,11.4,7.5,9.4,0.8,1
2025-01-26,26,12.2,5.4,8.8,5.2,1
2025-01-27,27,14.5,6.2,10.4,1.4,1
2025-01-28,28,10.3,4.8,7.6,0.0,0
2025-01-29,29,8.0,4.3,6.2,7.5,1
2025-01-30,30,11.5,3.3,7.4,0.0,0
2025-01-31,31,10.2,1.7,5.9,0.0,0
2025-02-01,32,11.6,1.5,6.6,0.0,0
2025-02-02,33,10.5,2.0,6.2,0.0,0
2025-02-03,34,11.3,3.2,7.2,0.0,0
2025-02-04,35,12.7,2.4,7.6,0.0,0
2025-02-05,36,14.0,2.2,8.1,0.0,0
2025-02-06,37,12.5,1.9,7.2,0.0,0
2025-02-07,38,8.6,1.2,4.9,7.6,1
2025-02-08,39,11.4,3.0,7.2,0.0,0
2025-02-09,40,13.2,3.3,8.2,0.0,0
2025-02-10,41,13.5,7.4,10.4,0.0,0
2025-02-11,42,13.3,5.6,9.4,16.3,1
2025-02-12,43,13.6,7.3,10.4,0.0,0
2025-02-13,44,14.4,3.9,9.2,0.0,0
2025-02-14,45,15.9,5.8,10.8,0.0,0
2025-02-15,46,15.5,6.2,10.8,0.0,0
2025-02-16,47,17.9,6.2,12.0,0.0,0
2025-02-17,48,14.9,5.7,10.3,0.0,0
2025-02-18,49,17.0,8.3,12.6,0.0,0
2025-02-19,50,16.2,8.5,12.4,0.0,0
2025-02-20,51,16.9,6.1,11.5,0.0,0
2025-02-21,52,16.3,8.2,12.2,0.5,1
2025-02-22,53,14.6,6.9,10.8,0.0,0
2025-02-23,54,15.4,4.7,10.0,0.0,0
2025-02-24,55,15.2,5.4,10.3,0.0,0
2025-02-25,56,13.9,7.1,10.5,0.0,0
2025-02-26,57,13.2,3.7,8.4,0.0,0
2025-02-27,58,13.5,5.3,9.4,1.9,1
2025-02-28,59,16.0,6.1,11.0,2.0,1
2025-03-01,60,10.8,4.0,7.4,12.0,1
2025-03-02,61,4.9,2.5,3.7,17.6,1
2025-03-03,62,10.4,4.9,7.6,14.3,1
2025-03-04,63,14.0,7.5,10.8,2.1,1
2025-03-05,64,13.0,8.5,10.8,4.4,1
2025-03-06,65,13.2,8.5,10.8,16.1,1
2025-03-07,66,12.0,8.7,10.4,21.9,1
2025-03-08,67,11.2,5.7,8.4,13.8,1
2025-03-09,68,10.3,4.1,7.2,3.6,1
2025-03-10,69,11.5,5.8,8.6,23.5,1
2025-03-11,70,10.6,6.2,8.4,7.5,1
2025-03-12,71,12.8,4.2,8.5,0.0,0
2025-03-13,72,11.6,4.3,8.0,4.7,1
2025-03-14,73,10.4,4.1,7.2,0.0,0
2025-03-15,74,10.6,1.1,5.8,6.7,1
2025-03-16,75,11.6,4.1,7.8,0.4,1
2025-03-17,76,9.4,4.2,6.8,16.7,1
2025-03-18,77,11.4,6.2,8.8,20.9,1
2025-03-19,78,16.6,8.1,12.4,0.0,0
2025-03-20,79,16.1,9.3,12.7,27.6,1
2025-03-21,80,11.8,6.3,9.0,14.5,1
2025-03-22,81,10.9,5.0,8.0,2.3,1
2025-03-23,82,12.3,3.8,8.0,0.0,0
2025-03-24,83,14.0,4.3,9.2,4.8,1
2025-03-25,84,15.9,6.2,11.0,0.0,0
2025-03-26,85,15.2,5.2,10.2,0.0,0
2025-03-27,86,16.1,4.3,10.2,0.0,0
2025-03-28,87,18.4,6.2,12.3,0.0,0
2025-03-29,88,19.3,6.2,12.8,0.0,0
2025-03-30,89,20.9,4.2,12.5,0.0,0
2025-03-31,90,24.7,9.1,16.9,0.0,0
2025-04-01,91,23.7,10.1,16.9,0.0,0
2025-04-02,92,18.8,10.3,14.6,21.9,1
2025-04-03,93,10.7,8.3,9.5,20.2,1
2025-04-04,94,16.2,8.4,12.3,12.7,1
2025-04-05,95,16.5,8.2,12.4,0.0,0
2025-04-06,96,19.3,8.8,14.0,0.0,0
2025-04-07,97,22.8,8.8,15.8,0.0,0
2025-04-08,98,24.9,11.0,18.0,0.0,0
2025-04-09,99,24.6,12.6,18.6,0.0,0
2025-04-10,100,23.5,13.0,18.2,0.0,0
2025-04-11,101,15.7,10.7,13.2,11.3,1
2025-04-12,102,16.7,10.8,13.8,4.5,1
2025-04-13,103,17.9,11.7,14.8,3.6,1
2025-04-14,104,16.9,9.7,13.3,4.9,1
2025-04-15,105,11.5,6.2,8.8,0.0,0
2025-04-16,106,12.9,5.2,9.0,2.8,1
2025-04-17,107,19.3,6.2,12.8,0.0,0
2025-04-18,108,18.9,9.4,14.2,12.7,1
2025-04-19,109,13.2,5.8,9.5,4.8,1
2025-04-20,110,16.2,6.2,11.2,0.0,0
2025-04-21,111,19.0,7.5,13.2,0.9,1
2025-04-22,112,18.9,10.6,14.8,0.0,0
2025-04-23,113,22.4,8.6,15.5,0.0,0
2025-04-24,114,26.2,12.1,19.2,0.0,0
2025-04-25,115,26.8,13.2,20.0,0.0,0
2025-04-26,116,21.6,11.8,16.7,0.0,0
2025-04-27,117,21.4,9.0,15.2,0.0,0
2025-04-28,118,23.5,10.7,17.1,0.0,0
2025-04-29,119,22.3,11.8,17.0,0.0,0
2025-04-30,120,20.5,11.4,16.0,5.3,1
2025-05-01,121,21.7,11.7,16.7,22.7,1
2025-05-02,122,19.5,10.5,15.0,13.6,1
2025-05-03,123,20.4,11.2,15.8,0.9,1
2025-05-04,124,16.6,11.5,14.0,2.8,1
2025-05-05,125,17.2,10.3,13.8,19.4,1
2025-05-06,126,17.3,8.3,12.8,0.0,0
2025-05-07,127,19.9,8.2,14.0,0.2,1
2025-05-08,128,16.9,11.6,14.2,1.4,1
2025-05-09,129,18.3,9.0,13.6,1.9,1
2025-05-10,130,18.3,11.5,14.9,0.2,1
2025-05-11,131,19.3,7.3,13.3,0.0,0
2025-05-12,132,20.1,8.1,14.1,0.0,0
2025-05-13,133,21.5,9.5,15.5,4.3,1
2025-05-14,134,21.9,10.9,16.4,6.3,1
2025-05-15,135,19.7,11.1,15.4,1.5,1
2025-05-16,136,23.2,11.0,17.1,0.0,0
2025-05-17,137,24.8,12.5,18.6,0.0,0
2025-05-18,138,27.7,13.9,20.8,0.0,0
2025-05-19,139,20.3,12.5,16.4,2.0,1
2025-05-20,140,23.1,11.2,17.2,0.0,0
2025-05-21,141,26.1,12.5,19.3,0.0,0
2025-05-22,142,23.1,13.7,18.4,0.0,0
2025-05-23,143,23.7,10.7,17.2,0.0,0
2025-05-24,144,26.0,11.5,18.8,0.0,0
2025-05-25,145,29.4,13.9,21.6,0.0,0
2025-05-26,146,30.0,17.0,23.5,0.0,0
2025-05-27,147,30.5,17.2,23.8,0.0,0
2025-05-28,148,32.4,18.0,25.2,0.0,0
2025-05-29,149,33.1,20.2,26.6,0.0,0
2025-05-30,150,34.4,20.3,27.4,0.0,0
2025-05-31,151,34.3,19.8,27.0,0.0,0
2025-06-01,152,33.7,20.1,26.9,0.0,0
2025-06-02,153,31.8,20.6,26.2,0.0,0
2025-06-03,154,25.7,17.4,21.5,0.1,1
2025-06-04,155,25.5,14.6,20.0,0.0,0
2025-06-05,156,29.4,15.6,22.5,0.0,0
2025-06-06,157,30.7,16.8,23.8,0.0,0
2025-06-07,158,31.6,17.9,24.8,0.0,0
2025-06-08,159,33.1,18.7,25.9,0.0,0
2025-06-09,160,35.6,20.2,27.9,0.0,0
2025-06-10,161,33.7,20.4,27.0,0.1,1
2025-06-11,162,30.3,17.7,24.0,17.8,1
2025-06-12,163,29.4,15.4,22.4,0.0,0
2025-06-13,164,31.4,17.6,24.5,0.0,0
2025-06-14,165,33.5,19.0,26.2,0.0,0
2025-06-15,166,34.5,20.7,27.6,0.0,0
2025-06-16,167,37.0,21.2,29.1,0.0,0
2025-06-17,168,37.0,22.0,29.5,0.2,1
2025-06-18,169,37.6,22.2,29.9,0.0,0
2025-06-19,170,35.2,22.6,28.9,0.0,0
2025-06-20,171,37.0,22.4,29.7,0.0,0
2025-06-21,172,37.9,23.5,30.7,0.0,0
2025-06-22,173,36.8,23.6,30.2,0.0,0
2025-06-23,174,35.2,23.5,29.4,0.0,0
2025-06-24,175,37.3,20.1,28.7,3.2,1
2025-06-25,176,29.9,19.7,24.8,0.0,0
2025-06-26,177,32.5,18.2,25.4,0.0,0
2025-06-27,178,36.9,21.4,29.2,0.0,0
2025-06-28,179,38.1,23.4,30.8,0.0,0
2025-06-29,180,38.8,25.3,32.0,0.0,0
2025-06-30,181,38.1,25.3,31.7,0.0,0
2025-07-01,182,37.7,23.8,30.8,0.0,0
2025-07-02,183,37.5,24.2,30.8,1.8,1
2025-07-03,184,36.8,22.2,29.5,1.1,1
2025-07-04,185,36.8,20.7,28.8,0.0,0
2025-07-05,186,37.0,20.8,28.9,0.0,0
2025-07-06,187,35.7,21.2,28.4,0.0,0
2025-07-07,188,35.5,21.1,28.3,0.0,0
2025-07-08,189,34.0,16.9,25.4,0.0,0
2025-07-09,190,35.7,23.0,29.4,0.0,0
2025-07-10,191,35.0,21.7,28.4,0.0,0
2025-07-11,192,32.2,20.1,26.2,0.0,0
2025-07-12,193,29.4,17.8,23.6,0.0,0
2025-07-13,194,31.9,18.9,25.4,0.0,0
2025-07-14,195,35.2,20.6,27.9,0.0,0
2025-07-15,196,37.0,21.5,29.2,0.0,0
2025-07-16,197,38.0,23.4,30.7,0.0,0
2025-07-17,198,38.7,23.5,31.1,0.0,0
2025-07-18,199,34.6,21.0,27.8,0.0,0
2025-07-19,200,31.7,19.3,25.5,0.0,0
2025-07-20,201,30.8,18.4,24.6,0.0,0
2025-07-21,202,30.7,16.3,23.5,0.0,0
2025-07-22,203,34.4,19.4,26.9,0.0,0
2025-07-23,204,30.7,21.0,25.8,0.0,0
2025-07-24,205,29.4,16.5,23.0,0.0,0
2025-07-25,206,30.1,15.3,22.7,0.0,0
2025-07-26,207,32.8,17.1,25.0,0.0,0
2025-07-27,208,35.5,20.5,28.0,0.0,0
2025-07-28,209,33.3,19.8,26.6,0.0,0
2025-07-29,210,31.3,16.1,23.7,0.0,0
2025-07-30,211,33.0,17.3,25.2,0.0,0
2025-07-31,212,34.6,20.7,27.6,0.0,0
2025-08-01,213,32.6,22.1,27.4,0.0,0
2025-08-02,214,35.4,21.5,28.4,0.0,0
2025-08-03,215,37.3,22.8,30.0,0.0,0
2025-08-04,216,37.9,23.5,30.7,0.0,0
2025-08-05,217,40.1,24.8,32.4,0.0,0
2025-08-06,218,37.5,24.5,31.0,0.0,0
2025-08-07,219,39.1,22.3,30.7,0.0,0
2025-08-08,220,39.3,23.9,31.6,0.0,0
2025-08-09,221,38.9,23.9,31.4,0.0,0
2025-08-10,222,39.0,24.4,31.7,0.0,0
2025-08-11,223,39.5,24.8,32.2,0.0,0
2025-08-12,224,38.7,26.1,32.4,0.0,0
2025-08-13,225,37.0,24.7,30.8,0.0,0
2025-08-14,226,38.0,22.8,30.4,0.0,0
2025-08-15,227,38.7,25.5,32.1,0.0,0
2025-08-16,228,40.1,24.6,32.4,0.0,0
2025-08-17,229,40.3,25.4,32.8,0.0,0
2025-08-18,230,33.9,24.6,29.2,0.0,0
2025-08-19,231,33.0,20.4,26.7,0.0,0
2025-08-20,232,29.4,18.6,24.0,0.0,0
2025-08-21,233,29.9,17.4,23.6,0.0,0
2025-08-22,234,31.5,17.7,24.6,0.0,0
2025-08-23,235,32.8,19.4,26.1,0.0,0
2025-08-24,236,34.2,20.0,27.1,0.0,0
2025-08-25,237,33.8,21.8,27.8,0.0,0
2025-08-26,238,35.1,22.9,29.0,0.0,0
2025-08-27,239,33.1,22.8,28.0,0.0,0
2025-08-28,240,27.7,17.0,22.4,0.0,0
2025-08-29,241,27.7,17.0,22.4,0.0,0
2025-08-30,242,32.2,18.7,25.5,0.0,0
2025-08-31,243,28.4,17.1,22.8,0.0,0
2025-09-01,244,23.8,13.8,18.8,0.0,0
2025-09-02,245,27.0,14.3,20.6,0.0,0
2025-09-03,246,31.3,15.6,23.4,0.0,0
2025-09-04,247,30.7,17.4,24.0,0.0,0
2025-09-05,248,31.8,17.7,24.8,0.0,0
2025-09-06,249,32.2,19.7,26.0,0.0,0
2025-09-07,250,25.6,21.3,23.5,0.0,0
2025-09-08,251,27.9,17.9,22.9,0.0,0
2025-09-09,252,27.9,15.6,21.8,0.0,0
2025-09-10,253,25.5,16.5,21.0,0.0,0
2025-09-11,254,29.3,16.4,22.8,0.0,0
2025-09-12,255,29.9,17.6,23.8,0.0,0
2025-09-13,256,29.9,17.9,23.9,0.0,0
2025-09-14,257,30.3,16.5,23.4,0.0,0
2025-09-15,258,32.4,18.7,25.5,0.0,0
2025-09-16,259,33.9,20.3,27.1,0.0,0
2025-09-17,260,34.6,20.0,27.3,0.0,0
2025-09-18,261,34.8,20.9,27.8,0.0,0
2025-09-19,262,33.2,21.7,27.4,0.6,1
2025-09-20,263,31.5,19.8,25.6,1.6,1
2025-09-21,264,25.1,17.5,21.3,0.3,1
2025-09-22,265,21.2,10.7,16.0,0.0,0
2025-09-23,266,21.6,11.2,16.4,0.0,0
2025-09-24,267,20.6,9.6,15.1,0.0,0
2025-09-25,268,22.8,10.6,16.7,0.0,0
2025-09-26,269,26.0,11.2,18.6,0.0,0
2025-09-27,270,25.7,12.3,19.0,0.0,0
2025-09-28,271,21.6,17.2,19.4,0.1,1
2025-09-29,272,24.4,15.2,19.8,0.0,0
2025-09-30,273,23.7,13.6,18.6,0.0,0
2025-10-01,274,27.1,14.3,20.7,0.0,0
2025-10-02,275,28.1,14.5,21.3,0.0,0
2025-10-03,276,28.2,14.5,21.4,0.0,0
2025-10-04,277,30.1,15.0,22.6,0.0,0
2025-10-05,278,24.2,14.7,19.4,0.0,0
2025-10-06,279,25.4,10.8,18.1,0.0,0
2025-10-07,280,27.6,14.4,21.0,0.0,0
2025-10-08,281,27.4,15.4,21.4,0.0,0
2025-10-09,282,25.7,15.8,20.8,0.0,0
2025-10-10,283,22.9,12.5,17.7,0.0,0
2025-10-11,284,23.6,13.5,18.6,0.0,0
2025-10-12,285,22.8,13.6,18.2,0.0,0
2025-10-13,286,22.7,13.5,18.1,6.4,1
2025-10-14,287,23.4,12.3,17.8,0.0,0
2025-10-15,288,24.3,12.8,18.6,0.0,0
2025-10-16,289,23.4,13.7,18.5,0.0,0
2025-10-17,290,23.5,13.1,18.3,0.0,0
2025-10-18,291,24.2,11.5,17.8,0.0,0
2025-10-19,292,23.2,11.7,17.4,0.0,0
2025-10-20,293,21.9,16.0,19.0,0.3,1
2025-10-21,294,22.0,13.4,17.7,4.7,1
2025-10-22,295,22.3,14.5,18.4,0.0,0
2025-10-23,296,22.5,16.1,19.3,0.1,1
2025-10-24,297,21.4,12.8,17.1,1.1,1
2025-10-25,298,21.3,15.1,18.2,5.4,1
2025-10-26,299,18.4,11.3,14.8,7.8,1
2025-10-27,300,17.1,5.5,11.3,0.0,0
2025-10-28,301,18.9,5.2,12.0,0.1,1
2025-10-29,302,15.8,10.5,13.2,9.7,1
2025-10-30,303,17.4,11.3,14.4,0.4,1
2025-10-31,304,15.7,9.1,12.4,0.0,0
2025-11-01,305,17.3,11.9,14.6,0.1,1
2025-11-02,306,17.3,10.0,13.6,0.0,0
2025-11-03,307,16.9,6.2,11.5,0.0,0
2025-11-04,308,17.9,5.9,11.9,0.0,0
2025-11-05,309,16.5,10.3,13.4,20.7,1
2025-11-06,310,13.6,7.4,10.5,0.5,1
2025-11-07,311,11.7,6.5,9.1,6.2,1
2025-11-08,312,14.4,7.3,10.8,0.0,0
2025-11-09,313,13.7,3.0,8.4,0.0,0
2025-11-10,314,14.7,3.6,9.2,0.0,0
2025-11-11,315,15.1,6.5,10.8,0.0,0
2025-11-12,316,22.2,6.0,14.1,0.0,0
2025-11-13,317,17.1,10.5,13.8,7.1,1
2025-11-14,318,15.2,9.7,12.4,17.7,1
2025-11-15,319,12.6,8.5,10.6,21.7,1
2025-11-16,320,13.4,8.3,10.9,0.0,0
2025-11-17,321,13.4,7.5,10.4,0.9,1
2025-11-18,322,13.0,4.6,8.8,0.0,0
2025-11-19,323,10.5,1.7,6.1,0.0,0
2025-11-20,324,9.3,0.9,5.1,0.0,0
2025-11-21,325,7.2,2.3,4.8,0.0,0
2025-11-22,326,8.1,-1.7,3.2,0.0,0
2025-11-23,327,11.1,0.2,5.6,0.0,0
2025-11-24,328,11.4,7.7,9.6,1.0,1
2025-11-25,329,10.7,4.9,7.8,0.0,0
2025-11-26,330,9.0,0.5,4.8,0.0,0
2025-11-27,331,11.7,-0.3,5.7,0.0,0
2025-11-28,332,11.6,-0.2,5.7,0.0,0
2025-11-29,333,10.4,0.5,5.4,0.0,0
2025-11-30,334,12.2,3.1,7.6,4.2,1
2025-12-01,335,9.8,0.1,5.0,0.0,0
2025-12-02,336,10.3,2.7,6.5,3.5,1
2025-12-03,337,8.5,2.2,5.4,0.2,1
2025-12-04,338,10.8,3.7,7.2,1.5,1
2025-12-05,339,11.1,3.5,7.3,0.0,0
2025-12-06,340,13.3,9.6,11.4,0.7,1
2025-12-07,341,13.2,6.8,10.0,0.0,0
2025-12-08,342,10.2,3.9,7.0,0.0,0
2025-12-09,343,12.0,2.8,7.4,0.0,0
2025-12-10,344,10.4,7.7,9.0,11.5,1
2025-12-11,345,11.7,3.0,7.4,0.0,0
2025-12-12,346,12.0,3.7,7.8,0.0,0
2025-12-13,347,12.2,3.9,8.0,0.1,1
2025-12-14,348,11.8,3.8,7.8,0.0,0
2025-12-15,349,10.5,5.9,8.2,1.5,1
2025-12-16,350,8.4,6.8,7.6,13.2,1
2025-12-17,351,13.1,6.4,9.8,0.0,0
2025-12-18,352,9.9,5.7,7.8,0.0,0
2025-12-19,353,9.9,6.2,8.0,1.0,1
2025-12-20,354,8.2,4.5,6.4,1.6,1
2025-12-21,355,6.5,1.5,4.0,10.1,1
2025-12-22,356,5.4,-0.6,2.4,0.0,0
2025-12-23,357,7.4,0.2,3.8,0.0,0
2025-12-24,358,8.8,0.3,4.6,0.0,0
2025-12-25,359,5.0,1.6,3.3,0.2,1
2025-12-26,360,7.9,-0.5,3.7,2.3,1
2025-12-27,361,10.0,1.1,5.6,1.9,1
2025-12-28,362,9.7,3.7,6.7,2.4,1
2025-12-29,363,9.9,3.3,6.6,0.0,0
2025-12-30,364,8.7,0.6,4.6,0.0,0
2025-12-31,365,7.1,-1.4,2.8,0.0,0
